"filename", "language", "OCaml", "Menhir", "OCaml Interface", "Markdown", "OCamllex", "opam", "comment", "blank", "total"
"/Users/shengchaoyang/Desktop/ePass/README.md", "Markdown", 0, 0, 0, 73, 0, 0, 0, 22, 95
"/Users/shengchaoyang/Desktop/ePass/bin/main.ml", "OCaml", 1, 0, 0, 0, 0, 0, 0, 2, 3
"/Users/shengchaoyang/Desktop/ePass/ePass.opam", "opam", 0, 0, 0, 0, 0, 30, 1, 1, 32
"/Users/shengchaoyang/Desktop/ePass/lib/elab/elab.ml", "OCaml", 189, 0, 0, 0, 0, 0, 0, 19, 208
"/Users/shengchaoyang/Desktop/ePass/lib/elab/elab.mli", "OCaml Interface", 0, 0, 3, 0, 0, 0, 0, 1, 4
"/Users/shengchaoyang/Desktop/ePass/lib/elab/intsyn.ml", "OCaml", 141, 0, 0, 0, 0, 0, 0, 25, 166
"/Users/shengchaoyang/Desktop/ePass/lib/elab/intsyn.mli", "OCaml Interface", 0, 0, 54, 0, 0, 0, 0, 14, 68
"/Users/shengchaoyang/Desktop/ePass/lib/parser/extsyn.ml", "OCaml", 92, 0, 0, 0, 0, 0, 0, 13, 105
"/Users/shengchaoyang/Desktop/ePass/lib/parser/extsyn.mli", "OCaml Interface", 0, 0, 39, 0, 0, 0, 0, 8, 47
"/Users/shengchaoyang/Desktop/ePass/lib/parser/lexer.mll", "OCamllex", 0, 0, 0, 0, 45, 0, 0, 3, 48
"/Users/shengchaoyang/Desktop/ePass/lib/parser/parse.ml", "OCaml", 4, 0, 0, 0, 0, 0, 0, 1, 5
"/Users/shengchaoyang/Desktop/ePass/lib/parser/parse.mli", "OCaml Interface", 0, 0, 1, 0, 0, 0, 0, 0, 1
"/Users/shengchaoyang/Desktop/ePass/lib/parser/parser.mly", "Menhir", 0, 184, 0, 0, 0, 0, 0, 27, 211
"/Users/shengchaoyang/Desktop/ePass/lib/statics/statics.ml", "OCaml", 135, 0, 0, 0, 0, 0, 1, 21, 157
"/Users/shengchaoyang/Desktop/ePass/lib/statics/statics.mli", "OCaml Interface", 0, 0, 1, 0, 0, 0, 0, 0, 1
"/Users/shengchaoyang/Desktop/ePass/lib/test/elab_test.ml", "OCaml", 96, 0, 0, 0, 0, 0, 0, 10, 106
"/Users/shengchaoyang/Desktop/ePass/lib/test/parser_test.ml", "OCaml", 128, 0, 0, 0, 0, 0, 0, 19, 147
"/Users/shengchaoyang/Desktop/ePass/lib/test/typecheck_test.ml", "OCaml", 87, 0, 0, 0, 0, 0, 0, 10, 97
"/Users/shengchaoyang/Desktop/ePass/lib/top.ml", "OCaml", 11, 0, 0, 0, 0, 0, 0, 3, 14
"/Users/shengchaoyang/Desktop/ePass/lib/top.mli", "OCaml Interface", 0, 0, 1, 0, 0, 0, 0, 0, 1
"/Users/shengchaoyang/Desktop/ePass/lib/util/util.ml", "OCaml", 7, 0, 0, 0, 0, 0, 0, 3, 10
"/Users/shengchaoyang/Desktop/ePass/lib/util/util.mli", "OCaml Interface", 0, 0, 2, 0, 0, 0, 0, 1, 3
"Total", "-", 891, 184, 101, 73, 45, 30, 2, 203, 1529